"Ep #1 | Mim, Mems & Mates",20,0
EPISODE 14: Stephanie Soo vs. Nikocado Avocado (The Mukbang Community is Shook!),20,0
Episode One - Pilot,20,0
Account 453,20,1
3. Robert R.,20,1
1. Brooke and Maddy,20,1
19: REVEALING MY SALES SECRETS,20,2
"35: A DAY IN THE LIFE WITH ISABELLA ""THE GUAVA GIRL""",20,2
55. HOW TO CREATE AN IRRESISTIBLE INSTAGRAM ACCOUNT FOR YOUR BRAND,20,2
"On Social Media and real, authentic human connection!",20,3
The roles we play,20,3
Feeling lonely and disconnected,20,3
90 Day Fiancé - The Other Way - S1 E19 - Falling Apart - Rainy Day Podcast #31,20,4
90 Day Fiancé The Other Way - S1 E9 - Ripped Apart - Rainy Day Podcast #9,20,4
90 Day Fiancé - S7 E10 - Choose Me - Rainy Day Podcast #50,20,4
90 Day Fiancé The Other Way - S1 E8 - Chickening Out - Rainy Day Podcast #8,20,5
Before the 90 Days - S3 E9 - Out of the Blue - Rainy Day Podcast #30,20,5
90 Day Fiancé - S7 E1 - I want to kiss you - Rainy Day Podcast #40,20,5
90 Day Fiancé - The Other Way - S1 E16 - Fool's Gold - Rainy Day Podcast #24,20,6
90 Day Fiancé - S7 E9 - I Don't Have A Choice - Rainy Day Podcast #49,20,6
90 Day Fiancé - The Other Way - S1 E14 - The Great Unknown - Rainy Day Podcast #20,20,6
The Worst Friend Of All-Time,20,7
Gi Origins ,20,7
Will Dak Prescott remain a Cowboy?,20,7
"Cowboys Final 53, and Practice Squad Selections",20,8
Training Camp Preview - Offensive Linemen,20,8
Training Camp Preview - Defensive Linemen,20,9
Cowboys Preseason Week 2 Recap,20,9
Negative Positives Podcast #199.99,20,10
Negative Positives Podcast #263,20,10
Negative Positives Podcast #240,20,10
Get Your Head out of The Future: Live in the NOW. ,20,11
10 Back to School Tips to Make this Your Year,20,11
How to Overcome your Biggest Opponent- Yourself (STOP being a hypocrite),20,11
"Episode 1: Bochy retiring, NBA All-Star Weekend, Slow MLB free agency",20,12
Episode 3: Bryce Harper to Phillies emergency pod,20,12
"Episode 2: Machado to the Padres, Kings-Warriors rivalry, Space Jam 2",20,12
Keeping up with the Politics,20,13
Episode 1: 2019 Recap,20,13
Routine vs. Ritual - How to Make or Break Habits,20,13
Holiday eating tips,20,14
09 - Training Intensity,20,15
Sleep and Muscle Growth,20,15
10 Simple Healthy Lifestyle Tips For Everyone,20,15
Ep. 3 - Adam talks w/ Steelers WR Ryan Switzer,20,16
Ep. 2 - Adam chats w/ Penn State legend Christian Hackenberg,20,16
Ep. 15 - Adam hosts Virginia Tech & UMass star QB Andrew Ford,20,16
Jordan Peterson: Don't Sacrifice Who You Can Be For Who You Are,20,19
Graham Stephen: Why 80% of Day Traders Lose Money,20,19
Jordan Peterson: You Need a Worthy Goal,20,19
Dave Ramsey: Be Weird or Be Broke!,20,20
Gary Vee: You Got Dreams?,20,20
David Goggins: How to Become Mentally Strong,20,20
Valuetainment: 10 Enemies of Success ,20,21
Meet Kevin: How I Make Passive Real Estate Income,20,21
Gary Vee: Your Short Term Goals Are Causing Anxiety,20,21
Warren Buffet: Interview,20,21
What is Lifestyle Creep,20,21
Grant Cardone:10X ,20,22
Dr. Eric Thomas: What Do You Do?,20,23
Mark Cuban: How to be Successful With Anything,20,23
Gary Vee: You Want to Be a Millionaire?,20,23
"""Thirty Days Later; JWoww Gets Her Groove Back"" Season 3 Episodes 2 & 3 'Jersey Shore: Family Vacation' Review",20,24
"""Tick. Tick. Tick"" Season 3 Episode 5 'Jersey Shore: Family Vacation' Review",20,24
sp 1 The Customer Success Metrics That Actually Matter,20,24
857: Why the Black Pants? AND Health Cycle by Becca Shern of Minimal Wellness on Decision Fatigue & Healthy Momentum,20,25
658: How I Stopped Sucking at Pullups by Neghar Fonooni on Building Strength,20,25
787: [Part 2] 4 Reasons to Ditch the Fitness Tracker and Listen to Your Body by Julia Steier of Diet Spotlight,20,26
727: Is Your Hunger Real or Habituated? by Laure Carter on Appetite Suppression & Regulation,20,26
879: [Part 2] Weight Loss Goals: Realistic or Unreasonable? by Julia Steier with Diet Spotlight on New Habit Formation,20,26
Episode 003: Can Anyone Stop LSU/Astros Cheating Scandal/NBA Hot Takes/Burner Accounts,20,27
"Podcast 002: World Series Reactions/CFB Midseason Takes/NBA Opening Week/NFL ""Next First"" Superbowl",20,27
Episode 1 - Interview with Kristy Lee (Epic photographer and entrepreneur!) ,20,27
"How to Lazy Entertain, Wedding Day Tips and Fancy Kebabs",20,28
Sicily & Santa Fe Travel Spectacular!,20,28
The Guest List: Saturday Night Pasta with Elizabeth Hewson-Chapman,20,28
27 - Kill It with Laughter,20,29
32 - Three Times Eight,20,29
18 - Deception of Our Senses,20,29
13 - Baby Monkey Waters Flowers,20,30
Stranger Things S03E04 - The sauna test,20,30
Stranger Things S03E08 - The battle of Starcourt,20,30
Stranger Things S03E07 - The bite,20,31
Stranger Things S03E05 - The flayed,20,31
Stranger Things S03E01 - Suzie do you copy?,20,31
Stranger Things S03E06 - E pluribus unum,20,31
Ep. 16 - Beach Witchcraft,20,32
Ep. 18 - Kitchen Witchcraft,20,32
Ep. 24 - Books You Buy and Books You Make,20,32
Ep. 14 - Essential Oils,20,32
Ep. 17 - Valentine's Day Special,20,32
Episode #6: River City Pizza,20,33
Episode #2: Spokane Hoopfest,20,33
Episode #1: PNW Community Dreams Podcast - Introduction,20,34
Episode #3: Vintage Print,20,34
4 - Halloween Throwdown,20,34
"Focus on what you can do, not what you cant.",20,34
EP:002,20,35
"""Howdy Folks"" - The 1-0 Podcast",20,35
"""C's Get Degrees"" - The 1-0 Podcast",20,35
"""Mascot Fight"" - Everyone Gets a Trophy",20,36
"""Couch Burning & Moonshine Churning"" - The 1-0 Podcast",20,37
"""Beaten in a Dark Assalley"" - The 1-0 Podcast",20,37
"""Orlando Blues"" - Everyone Gets a Trophy",20,37
Getting Real with The Real Coach JB - Part 2,20,38
Getting Real with The Real Coach JB - Part 1,20,39
Coaches Corner with Kiyoshi Harris,20,39
Inside the Lines with Dr. Daniel Barwick - Segment 1,20,39
Ep. 20: Jameson Roper (The Band Camino),20,40
Ep. 30: Steph Mirsky (Digital Marketing / Creative Director),20,40
Ep. 2: Scooter (Manager / Tour Manager),20,40
Ep. 24: Booker's Betrayal ,20,41
Ep. 45: Live From NOLA & Discussing Parent Power,20,42
"Ep. 26: Recapping Our Live Pittsburgh, PA Show",20,42
Ep. 33: Revisiting The Revolt Summit,20,42
Just skip this episode guys,20,43
"Me and the Boys (And Areesh too, I guess)",20,43
Vietnam Vsco Girls & Hairy Chads,20,43
Patrick Kenneth ,20,44
"""Self"" Sabotage Ep. 1 LAUNCH!",20,44
“OPINIONS” Ep.6 ,20,44
Episode 41 - Fulham (a) - Manchester United (h),20,45
Episode 58 - Leicester City (a),20,46
Episode 57 - Tottenham Hotspur (h) / Huddersfield Town (h),20,46
Episode 46 - Wolverhampton Wanderers (a),20,46
"Season 2 Episode 25: AVN, Positive Conduits and DROP!",20,47
"Season 2 Episode 21: ""Proper Poly"" ",20,47
Season 2 Episode 10: KinkCrate.com,20,47
Season 2 Episode 16: MysteryVibe.com's The Tenuto!,20,48
Season 2 Episode 7: The Vice from Locked In Lust!,20,49
Season 2 Episode 6: The Ultimate Guide to Kink Edited by Tristan Taormino!,20,49
Season 2 Episode 3: Switching!,20,49
